category,n,n_correct,family,variant,dataset,n_incorrect,accuracy
anaphor_agreement,2000,1984,Llama-3.2-1B,base,blimp,16,0.992
argument_structure,7000,5831,Llama-3.2-1B,base,blimp,1169,0.833
binding,7000,5425,Llama-3.2-1B,base,blimp,1575,0.775
control_raising,5000,4108,Llama-3.2-1B,base,blimp,892,0.8216
determiner_noun_agreement,8000,7459,Llama-3.2-1B,base,blimp,541,0.932375
ellipsis,2000,1715,Llama-3.2-1B,base,blimp,285,0.8575
filler_gap_dependency,7000,5358,Llama-3.2-1B,base,blimp,1642,0.7654285714285715
irregular_forms,2000,1847,Llama-3.2-1B,base,blimp,153,0.9235
island_effects,8000,5275,Llama-3.2-1B,base,blimp,2725,0.659375
npi_licensing,7000,5245,Llama-3.2-1B,base,blimp,1755,0.7492857142857143
quantifiers,4000,3042,Llama-3.2-1B,base,blimp,958,0.7605
s-selection,2000,1618,Llama-3.2-1B,base,blimp,382,0.809
subject_verb_agreement,6000,5039,Llama-3.2-1B,base,blimp,961,0.8398333333333333
agent-properties,1120,678,Llama-3.2-1B,base,ewok,442,0.6053571428571428
material-dynamics,780,240,Llama-3.2-1B,base,ewok,540,0.3076923076923077
material-properties,124,82,Llama-3.2-1B,base,ewok,42,0.6612903225806451
physical-dynamics,75,49,Llama-3.2-1B,base,ewok,26,0.6533333333333333
physical-interactions,280,138,Llama-3.2-1B,base,ewok,142,0.4928571428571429
physical-relations,415,219,Llama-3.2-1B,base,ewok,196,0.5277108433734939
quantitative-properties,190,118,Llama-3.2-1B,base,ewok,72,0.6210526315789474
social-interactions,175,92,Llama-3.2-1B,base,ewok,83,0.5257142857142857
social-properties,185,130,Llama-3.2-1B,base,ewok,55,0.7027027027027027
social-relations,785,510,Llama-3.2-1B,base,ewok,275,0.6496815286624203
spatial-relations,245,98,Llama-3.2-1B,base,ewok,147,0.4
anaphor_agreement,2000,1962,Llama-3.2-1B,it,blimp,38,0.981
argument_structure,7000,5334,Llama-3.2-1B,it,blimp,1666,0.762
binding,7000,4878,Llama-3.2-1B,it,blimp,2122,0.6968571428571428
control_raising,5000,3954,Llama-3.2-1B,it,blimp,1046,0.7908
determiner_noun_agreement,8000,7324,Llama-3.2-1B,it,blimp,676,0.9155
ellipsis,2000,1652,Llama-3.2-1B,it,blimp,348,0.826
filler_gap_dependency,7000,5270,Llama-3.2-1B,it,blimp,1730,0.7528571428571429
irregular_forms,2000,1385,Llama-3.2-1B,it,blimp,615,0.6925
island_effects,8000,5416,Llama-3.2-1B,it,blimp,2584,0.677
npi_licensing,7000,4222,Llama-3.2-1B,it,blimp,2778,0.6031428571428571
quantifiers,4000,2932,Llama-3.2-1B,it,blimp,1068,0.733
s-selection,2000,1350,Llama-3.2-1B,it,blimp,650,0.675
subject_verb_agreement,6000,3989,Llama-3.2-1B,it,blimp,2011,0.6648333333333334
agent-properties,1120,606,Llama-3.2-1B,it,ewok,514,0.5410714285714285
material-dynamics,780,272,Llama-3.2-1B,it,ewok,508,0.3487179487179487
material-properties,124,90,Llama-3.2-1B,it,ewok,34,0.7258064516129032
physical-dynamics,75,32,Llama-3.2-1B,it,ewok,43,0.4266666666666667
physical-interactions,280,131,Llama-3.2-1B,it,ewok,149,0.46785714285714286
physical-relations,415,229,Llama-3.2-1B,it,ewok,186,0.5518072289156627
quantitative-properties,190,104,Llama-3.2-1B,it,ewok,86,0.5473684210526316
social-interactions,175,93,Llama-3.2-1B,it,ewok,82,0.5314285714285715
social-properties,185,131,Llama-3.2-1B,it,ewok,54,0.7081081081081081
social-relations,785,464,Llama-3.2-1B,it,ewok,321,0.5910828025477707
spatial-relations,245,108,Llama-3.2-1B,it,ewok,137,0.44081632653061226
anaphor_agreement,2000,1988,Llama-3.2-3B,base,blimp,12,0.994
argument_structure,7000,5742,Llama-3.2-3B,base,blimp,1258,0.8202857142857143
binding,7000,5488,Llama-3.2-3B,base,blimp,1512,0.784
control_raising,5000,4043,Llama-3.2-3B,base,blimp,957,0.8086
determiner_noun_agreement,8000,7425,Llama-3.2-3B,base,blimp,575,0.928125
ellipsis,2000,1687,Llama-3.2-3B,base,blimp,313,0.8435
filler_gap_dependency,7000,5024,Llama-3.2-3B,base,blimp,1976,0.7177142857142857
irregular_forms,2000,1813,Llama-3.2-3B,base,blimp,187,0.9065
island_effects,8000,5300,Llama-3.2-3B,base,blimp,2700,0.6625
npi_licensing,7000,5160,Llama-3.2-3B,base,blimp,1840,0.7371428571428571
quantifiers,4000,2957,Llama-3.2-3B,base,blimp,1043,0.73925
s-selection,2000,1655,Llama-3.2-3B,base,blimp,345,0.8275
subject_verb_agreement,6000,5059,Llama-3.2-3B,base,blimp,941,0.8431666666666666
agent-properties,1120,631,Llama-3.2-3B,base,ewok,489,0.5633928571428571
material-dynamics,780,305,Llama-3.2-3B,base,ewok,475,0.391025641025641
material-properties,124,88,Llama-3.2-3B,base,ewok,36,0.7096774193548387
physical-dynamics,75,46,Llama-3.2-3B,base,ewok,29,0.6133333333333333
physical-interactions,280,130,Llama-3.2-3B,base,ewok,150,0.4642857142857143
physical-relations,415,212,Llama-3.2-3B,base,ewok,203,0.5108433734939759
quantitative-properties,190,125,Llama-3.2-3B,base,ewok,65,0.6578947368421053
social-interactions,175,89,Llama-3.2-3B,base,ewok,86,0.5085714285714286
social-properties,185,127,Llama-3.2-3B,base,ewok,58,0.6864864864864865
social-relations,785,444,Llama-3.2-3B,base,ewok,341,0.5656050955414013
spatial-relations,245,102,Llama-3.2-3B,base,ewok,143,0.4163265306122449
anaphor_agreement,2000,1969,Llama-3.2-3B,it,blimp,31,0.9845
argument_structure,7000,5107,Llama-3.2-3B,it,blimp,1893,0.7295714285714285
binding,7000,4982,Llama-3.2-3B,it,blimp,2018,0.7117142857142857
control_raising,5000,3649,Llama-3.2-3B,it,blimp,1351,0.7298
determiner_noun_agreement,8000,7205,Llama-3.2-3B,it,blimp,795,0.900625
ellipsis,2000,1672,Llama-3.2-3B,it,blimp,328,0.836
filler_gap_dependency,7000,5306,Llama-3.2-3B,it,blimp,1694,0.758
irregular_forms,2000,941,Llama-3.2-3B,it,blimp,1059,0.4705
island_effects,8000,5238,Llama-3.2-3B,it,blimp,2762,0.65475
npi_licensing,7000,4083,Llama-3.2-3B,it,blimp,2917,0.5832857142857143
quantifiers,4000,2485,Llama-3.2-3B,it,blimp,1515,0.62125
s-selection,2000,1401,Llama-3.2-3B,it,blimp,599,0.7005
subject_verb_agreement,6000,4287,Llama-3.2-3B,it,blimp,1713,0.7145
agent-properties,1120,564,Llama-3.2-3B,it,ewok,556,0.5035714285714286
material-dynamics,780,345,Llama-3.2-3B,it,ewok,435,0.4423076923076923
material-properties,124,87,Llama-3.2-3B,it,ewok,37,0.7016129032258065
physical-dynamics,75,49,Llama-3.2-3B,it,ewok,26,0.6533333333333333
physical-interactions,280,111,Llama-3.2-3B,it,ewok,169,0.3964285714285714
physical-relations,415,224,Llama-3.2-3B,it,ewok,191,0.5397590361445783
quantitative-properties,190,107,Llama-3.2-3B,it,ewok,83,0.5631578947368421
social-interactions,175,90,Llama-3.2-3B,it,ewok,85,0.5142857142857142
social-properties,185,145,Llama-3.2-3B,it,ewok,40,0.7837837837837838
social-relations,785,384,Llama-3.2-3B,it,ewok,401,0.489171974522293
spatial-relations,245,116,Llama-3.2-3B,it,ewok,129,0.47346938775510206
anaphor_agreement,2000,1970,Llama-3.1-8B,base,blimp,30,0.985
argument_structure,7000,5734,Llama-3.1-8B,base,blimp,1266,0.8191428571428572
binding,7000,5659,Llama-3.1-8B,base,blimp,1341,0.8084285714285714
control_raising,5000,4017,Llama-3.1-8B,base,blimp,983,0.8034
determiner_noun_agreement,8000,7467,Llama-3.1-8B,base,blimp,533,0.933375
ellipsis,2000,1677,Llama-3.1-8B,base,blimp,323,0.8385
filler_gap_dependency,7000,5048,Llama-3.1-8B,base,blimp,1952,0.7211428571428572
irregular_forms,2000,1839,Llama-3.1-8B,base,blimp,161,0.9195
island_effects,8000,5462,Llama-3.1-8B,base,blimp,2538,0.68275
npi_licensing,7000,4997,Llama-3.1-8B,base,blimp,2003,0.7138571428571429
quantifiers,4000,2946,Llama-3.1-8B,base,blimp,1054,0.7365
s-selection,2000,1669,Llama-3.1-8B,base,blimp,331,0.8345
subject_verb_agreement,6000,4998,Llama-3.1-8B,base,blimp,1002,0.833
agent-properties,1120,649,Llama-3.1-8B,base,ewok,471,0.5794642857142858
material-dynamics,780,296,Llama-3.1-8B,base,ewok,484,0.37948717948717947
material-properties,124,93,Llama-3.1-8B,base,ewok,31,0.75
physical-dynamics,75,41,Llama-3.1-8B,base,ewok,34,0.5466666666666666
physical-interactions,280,115,Llama-3.1-8B,base,ewok,165,0.4107142857142857
physical-relations,415,221,Llama-3.1-8B,base,ewok,194,0.5325301204819277
quantitative-properties,190,119,Llama-3.1-8B,base,ewok,71,0.6263157894736842
social-interactions,175,83,Llama-3.1-8B,base,ewok,92,0.4742857142857143
social-properties,185,123,Llama-3.1-8B,base,ewok,62,0.6648648648648648
social-relations,785,479,Llama-3.1-8B,base,ewok,306,0.6101910828025477
spatial-relations,245,123,Llama-3.1-8B,base,ewok,122,0.5020408163265306
anaphor_agreement,2000,1970,Llama-3.1-8B,it,blimp,30,0.985
argument_structure,7000,5081,Llama-3.1-8B,it,blimp,1919,0.7258571428571429
binding,7000,5270,Llama-3.1-8B,it,blimp,1730,0.7528571428571429
control_raising,5000,3768,Llama-3.1-8B,it,blimp,1232,0.7536
determiner_noun_agreement,8000,7355,Llama-3.1-8B,it,blimp,645,0.919375
ellipsis,2000,1714,Llama-3.1-8B,it,blimp,286,0.857
filler_gap_dependency,7000,5447,Llama-3.1-8B,it,blimp,1553,0.7781428571428571
irregular_forms,2000,1153,Llama-3.1-8B,it,blimp,847,0.5765
island_effects,8000,5350,Llama-3.1-8B,it,blimp,2650,0.66875
npi_licensing,7000,5167,Llama-3.1-8B,it,blimp,1833,0.7381428571428571
quantifiers,4000,2650,Llama-3.1-8B,it,blimp,1350,0.6625
s-selection,2000,1475,Llama-3.1-8B,it,blimp,525,0.7375
subject_verb_agreement,6000,4202,Llama-3.1-8B,it,blimp,1798,0.7003333333333334
agent-properties,1120,592,Llama-3.1-8B,it,ewok,528,0.5285714285714286
material-dynamics,780,326,Llama-3.1-8B,it,ewok,454,0.41794871794871796
material-properties,124,75,Llama-3.1-8B,it,ewok,49,0.6048387096774194
physical-dynamics,75,36,Llama-3.1-8B,it,ewok,39,0.48
physical-interactions,280,112,Llama-3.1-8B,it,ewok,168,0.4
physical-relations,415,217,Llama-3.1-8B,it,ewok,198,0.5228915662650603
quantitative-properties,190,111,Llama-3.1-8B,it,ewok,79,0.5842105263157895
social-interactions,175,85,Llama-3.1-8B,it,ewok,90,0.4857142857142857
social-properties,185,131,Llama-3.1-8B,it,ewok,54,0.7081081081081081
social-relations,785,421,Llama-3.1-8B,it,ewok,364,0.5363057324840764
spatial-relations,245,118,Llama-3.1-8B,it,ewok,127,0.4816326530612245
anaphor_agreement,2000,1972,Gemma-3-1B,base,blimp,28,0.986
argument_structure,7000,5474,Gemma-3-1B,base,blimp,1526,0.782
binding,7000,5216,Gemma-3-1B,base,blimp,1784,0.7451428571428571
control_raising,5000,4012,Gemma-3-1B,base,blimp,988,0.8024
determiner_noun_agreement,8000,7447,Gemma-3-1B,base,blimp,553,0.930875
ellipsis,2000,1651,Gemma-3-1B,base,blimp,349,0.8255
filler_gap_dependency,7000,5091,Gemma-3-1B,base,blimp,1909,0.7272857142857143
irregular_forms,2000,1849,Gemma-3-1B,base,blimp,151,0.9245
island_effects,8000,5405,Gemma-3-1B,base,blimp,2595,0.675625
npi_licensing,7000,4561,Gemma-3-1B,base,blimp,2439,0.6515714285714286
quantifiers,4000,2608,Gemma-3-1B,base,blimp,1392,0.652
s-selection,2000,1518,Gemma-3-1B,base,blimp,482,0.759
subject_verb_agreement,6000,5007,Gemma-3-1B,base,blimp,993,0.8345
agent-properties,1120,660,Gemma-3-1B,base,ewok,460,0.5892857142857143
material-dynamics,780,271,Gemma-3-1B,base,ewok,509,0.3474358974358974
material-properties,124,82,Gemma-3-1B,base,ewok,42,0.6612903225806451
physical-dynamics,75,47,Gemma-3-1B,base,ewok,28,0.6266666666666667
physical-interactions,280,127,Gemma-3-1B,base,ewok,153,0.45357142857142857
physical-relations,415,227,Gemma-3-1B,base,ewok,188,0.5469879518072289
quantitative-properties,190,118,Gemma-3-1B,base,ewok,72,0.6210526315789474
social-interactions,175,85,Gemma-3-1B,base,ewok,90,0.4857142857142857
social-properties,185,132,Gemma-3-1B,base,ewok,53,0.7135135135135136
social-relations,785,439,Gemma-3-1B,base,ewok,346,0.5592356687898089
spatial-relations,245,115,Gemma-3-1B,base,ewok,130,0.46938775510204084
anaphor_agreement,2000,1867,Gemma-3-1B,it,blimp,133,0.9335
argument_structure,7000,4848,Gemma-3-1B,it,blimp,2152,0.6925714285714286
binding,7000,4825,Gemma-3-1B,it,blimp,2175,0.6892857142857143
control_raising,5000,3223,Gemma-3-1B,it,blimp,1777,0.6446
determiner_noun_agreement,8000,6610,Gemma-3-1B,it,blimp,1390,0.82625
ellipsis,2000,1336,Gemma-3-1B,it,blimp,664,0.668
filler_gap_dependency,7000,4764,Gemma-3-1B,it,blimp,2236,0.6805714285714286
irregular_forms,2000,1768,Gemma-3-1B,it,blimp,232,0.884
island_effects,8000,5242,Gemma-3-1B,it,blimp,2758,0.65525
npi_licensing,7000,4600,Gemma-3-1B,it,blimp,2400,0.6571428571428571
quantifiers,4000,2138,Gemma-3-1B,it,blimp,1862,0.5345
s-selection,2000,1136,Gemma-3-1B,it,blimp,864,0.568
subject_verb_agreement,6000,4529,Gemma-3-1B,it,blimp,1471,0.7548333333333334
agent-properties,1120,665,Gemma-3-1B,it,ewok,455,0.59375
material-dynamics,780,323,Gemma-3-1B,it,ewok,457,0.41410256410256413
material-properties,124,76,Gemma-3-1B,it,ewok,48,0.6129032258064516
physical-dynamics,75,45,Gemma-3-1B,it,ewok,30,0.6
physical-interactions,280,133,Gemma-3-1B,it,ewok,147,0.475
physical-relations,415,207,Gemma-3-1B,it,ewok,208,0.4987951807228916
quantitative-properties,190,127,Gemma-3-1B,it,ewok,63,0.6684210526315789
social-interactions,175,94,Gemma-3-1B,it,ewok,81,0.5371428571428571
social-properties,185,112,Gemma-3-1B,it,ewok,73,0.6054054054054054
social-relations,785,446,Gemma-3-1B,it,ewok,339,0.5681528662420382
spatial-relations,245,128,Gemma-3-1B,it,ewok,117,0.5224489795918368
anaphor_agreement,2000,1983,Gemma-3-4B,base,blimp,17,0.9915
argument_structure,7000,5476,Gemma-3-4B,base,blimp,1524,0.7822857142857143
binding,7000,5429,Gemma-3-4B,base,blimp,1571,0.7755714285714286
control_raising,5000,3973,Gemma-3-4B,base,blimp,1027,0.7946
determiner_noun_agreement,8000,7497,Gemma-3-4B,base,blimp,503,0.937125
ellipsis,2000,1617,Gemma-3-4B,base,blimp,383,0.8085
filler_gap_dependency,7000,4942,Gemma-3-4B,base,blimp,2058,0.706
irregular_forms,2000,1865,Gemma-3-4B,base,blimp,135,0.9325
island_effects,8000,5232,Gemma-3-4B,base,blimp,2768,0.654
npi_licensing,7000,4748,Gemma-3-4B,base,blimp,2252,0.6782857142857143
quantifiers,4000,2701,Gemma-3-4B,base,blimp,1299,0.67525
s-selection,2000,1545,Gemma-3-4B,base,blimp,455,0.7725
subject_verb_agreement,6000,5078,Gemma-3-4B,base,blimp,922,0.8463333333333334
agent-properties,1120,652,Gemma-3-4B,base,ewok,468,0.5821428571428572
material-dynamics,780,311,Gemma-3-4B,base,ewok,469,0.39871794871794874
material-properties,124,94,Gemma-3-4B,base,ewok,30,0.7580645161290323
physical-dynamics,75,40,Gemma-3-4B,base,ewok,35,0.5333333333333333
physical-interactions,280,130,Gemma-3-4B,base,ewok,150,0.4642857142857143
physical-relations,415,213,Gemma-3-4B,base,ewok,202,0.5132530120481927
quantitative-properties,190,115,Gemma-3-4B,base,ewok,75,0.6052631578947368
social-interactions,175,92,Gemma-3-4B,base,ewok,83,0.5257142857142857
social-properties,185,153,Gemma-3-4B,base,ewok,32,0.827027027027027
social-relations,785,399,Gemma-3-4B,base,ewok,386,0.5082802547770701
spatial-relations,245,110,Gemma-3-4B,base,ewok,135,0.4489795918367347
anaphor_agreement,2000,1762,Gemma-3-4B,it,blimp,238,0.881
argument_structure,7000,4626,Gemma-3-4B,it,blimp,2374,0.6608571428571428
binding,7000,4089,Gemma-3-4B,it,blimp,2911,0.5841428571428572
control_raising,5000,2372,Gemma-3-4B,it,blimp,2628,0.4744
determiner_noun_agreement,8000,6529,Gemma-3-4B,it,blimp,1471,0.816125
ellipsis,2000,1371,Gemma-3-4B,it,blimp,629,0.6855
filler_gap_dependency,7000,4594,Gemma-3-4B,it,blimp,2406,0.6562857142857143
irregular_forms,2000,1031,Gemma-3-4B,it,blimp,969,0.5155
island_effects,8000,4547,Gemma-3-4B,it,blimp,3453,0.568375
npi_licensing,7000,3787,Gemma-3-4B,it,blimp,3213,0.541
quantifiers,4000,2089,Gemma-3-4B,it,blimp,1911,0.52225
s-selection,2000,1198,Gemma-3-4B,it,blimp,802,0.599
subject_verb_agreement,6000,2732,Gemma-3-4B,it,blimp,3268,0.4553333333333333
agent-properties,1120,588,Gemma-3-4B,it,ewok,532,0.525
material-dynamics,780,244,Gemma-3-4B,it,ewok,536,0.3128205128205128
material-properties,124,66,Gemma-3-4B,it,ewok,58,0.532258064516129
physical-dynamics,75,38,Gemma-3-4B,it,ewok,37,0.5066666666666667
physical-interactions,280,125,Gemma-3-4B,it,ewok,155,0.44642857142857145
physical-relations,415,200,Gemma-3-4B,it,ewok,215,0.4819277108433735
quantitative-properties,190,113,Gemma-3-4B,it,ewok,77,0.5947368421052631
social-interactions,175,86,Gemma-3-4B,it,ewok,89,0.49142857142857144
social-properties,185,127,Gemma-3-4B,it,ewok,58,0.6864864864864865
social-relations,785,417,Gemma-3-4B,it,ewok,368,0.5312101910828025
spatial-relations,245,130,Gemma-3-4B,it,ewok,115,0.5306122448979592
anaphor_agreement,2000,1991,Mistral-7B,base,blimp,9,0.9955
argument_structure,7000,5841,Mistral-7B,base,blimp,1159,0.8344285714285714
binding,7000,5855,Mistral-7B,base,blimp,1145,0.8364285714285714
control_raising,5000,4019,Mistral-7B,base,blimp,981,0.8038
determiner_noun_agreement,8000,7576,Mistral-7B,base,blimp,424,0.947
ellipsis,2000,1687,Mistral-7B,base,blimp,313,0.8435
filler_gap_dependency,7000,5175,Mistral-7B,base,blimp,1825,0.7392857142857143
irregular_forms,2000,1860,Mistral-7B,base,blimp,140,0.93
island_effects,8000,5690,Mistral-7B,base,blimp,2310,0.71125
npi_licensing,7000,5517,Mistral-7B,base,blimp,1483,0.7881428571428571
quantifiers,4000,3003,Mistral-7B,base,blimp,997,0.75075
s-selection,2000,1651,Mistral-7B,base,blimp,349,0.8255
subject_verb_agreement,6000,5268,Mistral-7B,base,blimp,732,0.878
agent-properties,1120,671,Mistral-7B,base,ewok,449,0.5991071428571428
material-dynamics,780,306,Mistral-7B,base,ewok,474,0.3923076923076923
material-properties,124,83,Mistral-7B,base,ewok,41,0.6693548387096774
physical-dynamics,75,38,Mistral-7B,base,ewok,37,0.5066666666666667
physical-interactions,280,140,Mistral-7B,base,ewok,140,0.5
physical-relations,415,226,Mistral-7B,base,ewok,189,0.5445783132530121
quantitative-properties,190,124,Mistral-7B,base,ewok,66,0.6526315789473685
social-interactions,175,77,Mistral-7B,base,ewok,98,0.44
social-properties,185,127,Mistral-7B,base,ewok,58,0.6864864864864865
social-relations,785,427,Mistral-7B,base,ewok,358,0.5439490445859873
spatial-relations,245,110,Mistral-7B,base,ewok,135,0.4489795918367347
anaphor_agreement,2000,1985,Mistral-7B,it,blimp,15,0.9925
argument_structure,7000,4645,Mistral-7B,it,blimp,2355,0.6635714285714286
binding,7000,5428,Mistral-7B,it,blimp,1572,0.7754285714285715
control_raising,5000,3323,Mistral-7B,it,blimp,1677,0.6646
determiner_noun_agreement,8000,7085,Mistral-7B,it,blimp,915,0.885625
ellipsis,2000,1601,Mistral-7B,it,blimp,399,0.8005
filler_gap_dependency,7000,5089,Mistral-7B,it,blimp,1911,0.727
irregular_forms,2000,1196,Mistral-7B,it,blimp,804,0.598
island_effects,8000,5378,Mistral-7B,it,blimp,2622,0.67225
npi_licensing,7000,4212,Mistral-7B,it,blimp,2788,0.6017142857142858
quantifiers,4000,2582,Mistral-7B,it,blimp,1418,0.6455
s-selection,2000,1405,Mistral-7B,it,blimp,595,0.7025
subject_verb_agreement,6000,4487,Mistral-7B,it,blimp,1513,0.7478333333333333
agent-properties,1120,628,Mistral-7B,it,ewok,492,0.5607142857142857
material-dynamics,780,364,Mistral-7B,it,ewok,416,0.4666666666666667
material-properties,124,92,Mistral-7B,it,ewok,32,0.7419354838709677
physical-dynamics,75,42,Mistral-7B,it,ewok,33,0.56
physical-interactions,280,132,Mistral-7B,it,ewok,148,0.4714285714285714
physical-relations,415,203,Mistral-7B,it,ewok,212,0.4891566265060241
quantitative-properties,190,127,Mistral-7B,it,ewok,63,0.6684210526315789
social-interactions,175,78,Mistral-7B,it,ewok,97,0.44571428571428573
social-properties,185,125,Mistral-7B,it,ewok,60,0.6756756756756757
social-relations,785,418,Mistral-7B,it,ewok,367,0.532484076433121
spatial-relations,245,98,Mistral-7B,it,ewok,147,0.4
anaphor_agreement,2000,1986,Qwen-2.5-7B,base,blimp,14,0.993
argument_structure,7000,5542,Qwen-2.5-7B,base,blimp,1458,0.7917142857142857
binding,7000,5361,Qwen-2.5-7B,base,blimp,1639,0.7658571428571429
control_raising,5000,3937,Qwen-2.5-7B,base,blimp,1063,0.7874
determiner_noun_agreement,8000,7399,Qwen-2.5-7B,base,blimp,601,0.924875
ellipsis,2000,1655,Qwen-2.5-7B,base,blimp,345,0.8275
filler_gap_dependency,7000,5228,Qwen-2.5-7B,base,blimp,1772,0.7468571428571429
irregular_forms,2000,1785,Qwen-2.5-7B,base,blimp,215,0.8925
island_effects,8000,5970,Qwen-2.5-7B,base,blimp,2030,0.74625
npi_licensing,7000,5474,Qwen-2.5-7B,base,blimp,1526,0.782
quantifiers,4000,3092,Qwen-2.5-7B,base,blimp,908,0.773
s-selection,2000,1672,Qwen-2.5-7B,base,blimp,328,0.836
subject_verb_agreement,6000,4969,Qwen-2.5-7B,base,blimp,1031,0.8281666666666667
agent-properties,1120,609,Qwen-2.5-7B,base,ewok,511,0.54375
material-dynamics,780,255,Qwen-2.5-7B,base,ewok,525,0.3269230769230769
material-properties,124,91,Qwen-2.5-7B,base,ewok,33,0.7338709677419355
physical-dynamics,75,51,Qwen-2.5-7B,base,ewok,24,0.68
physical-interactions,280,131,Qwen-2.5-7B,base,ewok,149,0.46785714285714286
physical-relations,415,212,Qwen-2.5-7B,base,ewok,203,0.5108433734939759
quantitative-properties,190,113,Qwen-2.5-7B,base,ewok,77,0.5947368421052631
social-interactions,175,91,Qwen-2.5-7B,base,ewok,84,0.52
social-properties,185,124,Qwen-2.5-7B,base,ewok,61,0.6702702702702703
social-relations,785,412,Qwen-2.5-7B,base,ewok,373,0.5248407643312102
spatial-relations,245,126,Qwen-2.5-7B,base,ewok,119,0.5142857142857142
anaphor_agreement,2000,1917,Qwen-2.5-7B,it,blimp,83,0.9585
argument_structure,7000,4285,Qwen-2.5-7B,it,blimp,2715,0.6121428571428571
binding,7000,4963,Qwen-2.5-7B,it,blimp,2037,0.709
control_raising,5000,2772,Qwen-2.5-7B,it,blimp,2228,0.5544
determiner_noun_agreement,8000,6070,Qwen-2.5-7B,it,blimp,1930,0.75875
ellipsis,2000,1578,Qwen-2.5-7B,it,blimp,422,0.789
filler_gap_dependency,7000,4616,Qwen-2.5-7B,it,blimp,2384,0.6594285714285715
irregular_forms,2000,1276,Qwen-2.5-7B,it,blimp,724,0.638
island_effects,8000,5268,Qwen-2.5-7B,it,blimp,2732,0.6585
npi_licensing,7000,3651,Qwen-2.5-7B,it,blimp,3349,0.5215714285714286
quantifiers,4000,2592,Qwen-2.5-7B,it,blimp,1408,0.648
s-selection,2000,1024,Qwen-2.5-7B,it,blimp,976,0.512
subject_verb_agreement,6000,4034,Qwen-2.5-7B,it,blimp,1966,0.6723333333333333
agent-properties,1120,546,Qwen-2.5-7B,it,ewok,574,0.4875
material-dynamics,780,232,Qwen-2.5-7B,it,ewok,548,0.29743589743589743
material-properties,124,75,Qwen-2.5-7B,it,ewok,49,0.6048387096774194
physical-dynamics,75,37,Qwen-2.5-7B,it,ewok,38,0.49333333333333335
physical-interactions,280,136,Qwen-2.5-7B,it,ewok,144,0.4857142857142857
physical-relations,415,210,Qwen-2.5-7B,it,ewok,205,0.5060240963855421
quantitative-properties,190,115,Qwen-2.5-7B,it,ewok,75,0.6052631578947368
social-interactions,175,81,Qwen-2.5-7B,it,ewok,94,0.46285714285714286
social-properties,185,96,Qwen-2.5-7B,it,ewok,89,0.518918918918919
social-relations,785,475,Qwen-2.5-7B,it,ewok,310,0.6050955414012739
spatial-relations,245,125,Qwen-2.5-7B,it,ewok,120,0.5102040816326531
anaphor_agreement,2000,1944,Qwen-3-4B,base,blimp,56,0.972
argument_structure,7000,5310,Qwen-3-4B,base,blimp,1690,0.7585714285714286
binding,7000,5274,Qwen-3-4B,base,blimp,1726,0.7534285714285714
control_raising,5000,3554,Qwen-3-4B,base,blimp,1446,0.7108
determiner_noun_agreement,8000,7047,Qwen-3-4B,base,blimp,953,0.880875
ellipsis,2000,1581,Qwen-3-4B,base,blimp,419,0.7905
filler_gap_dependency,7000,5030,Qwen-3-4B,base,blimp,1970,0.7185714285714285
irregular_forms,2000,1496,Qwen-3-4B,base,blimp,504,0.748
island_effects,8000,6155,Qwen-3-4B,base,blimp,1845,0.769375
npi_licensing,7000,4941,Qwen-3-4B,base,blimp,2059,0.7058571428571428
quantifiers,4000,3075,Qwen-3-4B,base,blimp,925,0.76875
s-selection,2000,1401,Qwen-3-4B,base,blimp,599,0.7005
subject_verb_agreement,6000,4486,Qwen-3-4B,base,blimp,1514,0.7476666666666667
agent-properties,1120,643,Qwen-3-4B,base,ewok,477,0.5741071428571428
material-dynamics,780,326,Qwen-3-4B,base,ewok,454,0.41794871794871796
material-properties,124,84,Qwen-3-4B,base,ewok,40,0.6774193548387096
physical-dynamics,75,43,Qwen-3-4B,base,ewok,32,0.5733333333333334
physical-interactions,280,121,Qwen-3-4B,base,ewok,159,0.43214285714285716
physical-relations,415,206,Qwen-3-4B,base,ewok,209,0.4963855421686747
quantitative-properties,190,115,Qwen-3-4B,base,ewok,75,0.6052631578947368
social-interactions,175,83,Qwen-3-4B,base,ewok,92,0.4742857142857143
social-properties,185,132,Qwen-3-4B,base,ewok,53,0.7135135135135136
social-relations,785,423,Qwen-3-4B,base,ewok,362,0.5388535031847134
spatial-relations,245,130,Qwen-3-4B,base,ewok,115,0.5306122448979592
anaphor_agreement,2000,1935,Qwen-3-4B,it,blimp,65,0.9675
argument_structure,7000,5151,Qwen-3-4B,it,blimp,1849,0.7358571428571429
binding,7000,5229,Qwen-3-4B,it,blimp,1771,0.747
control_raising,5000,3709,Qwen-3-4B,it,blimp,1291,0.7418
determiner_noun_agreement,8000,7118,Qwen-3-4B,it,blimp,882,0.88975
ellipsis,2000,1641,Qwen-3-4B,it,blimp,359,0.8205
filler_gap_dependency,7000,5510,Qwen-3-4B,it,blimp,1490,0.7871428571428571
irregular_forms,2000,1003,Qwen-3-4B,it,blimp,997,0.5015
island_effects,8000,5318,Qwen-3-4B,it,blimp,2682,0.66475
npi_licensing,7000,4099,Qwen-3-4B,it,blimp,2901,0.5855714285714285
quantifiers,4000,2511,Qwen-3-4B,it,blimp,1489,0.62775
s-selection,2000,1072,Qwen-3-4B,it,blimp,928,0.536
subject_verb_agreement,6000,3863,Qwen-3-4B,it,blimp,2137,0.6438333333333334
agent-properties,1120,603,Qwen-3-4B,it,ewok,517,0.5383928571428571
material-dynamics,780,296,Qwen-3-4B,it,ewok,484,0.37948717948717947
material-properties,124,77,Qwen-3-4B,it,ewok,47,0.6209677419354839
physical-dynamics,75,42,Qwen-3-4B,it,ewok,33,0.56
physical-interactions,280,136,Qwen-3-4B,it,ewok,144,0.4857142857142857
physical-relations,415,208,Qwen-3-4B,it,ewok,207,0.5012048192771085
quantitative-properties,190,123,Qwen-3-4B,it,ewok,67,0.6473684210526316
social-interactions,175,54,Qwen-3-4B,it,ewok,121,0.30857142857142855
social-properties,185,121,Qwen-3-4B,it,ewok,64,0.654054054054054
social-relations,785,406,Qwen-3-4B,it,ewok,379,0.5171974522292994
spatial-relations,245,122,Qwen-3-4B,it,ewok,123,0.49795918367346936
anaphor_agreement,2000,1977,Falcon-3-1B,base,blimp,23,0.9885
argument_structure,7000,5609,Falcon-3-1B,base,blimp,1391,0.8012857142857143
binding,7000,5418,Falcon-3-1B,base,blimp,1582,0.774
control_raising,5000,4079,Falcon-3-1B,base,blimp,921,0.8158
determiner_noun_agreement,8000,7638,Falcon-3-1B,base,blimp,362,0.95475
ellipsis,2000,1712,Falcon-3-1B,base,blimp,288,0.856
filler_gap_dependency,7000,5221,Falcon-3-1B,base,blimp,1779,0.7458571428571429
irregular_forms,2000,1787,Falcon-3-1B,base,blimp,213,0.8935
island_effects,8000,5783,Falcon-3-1B,base,blimp,2217,0.722875
npi_licensing,7000,5175,Falcon-3-1B,base,blimp,1825,0.7392857142857143
quantifiers,4000,2918,Falcon-3-1B,base,blimp,1082,0.7295
s-selection,2000,1696,Falcon-3-1B,base,blimp,304,0.848
subject_verb_agreement,6000,5251,Falcon-3-1B,base,blimp,749,0.8751666666666666
agent-properties,1120,651,Falcon-3-1B,base,ewok,469,0.58125
material-dynamics,780,281,Falcon-3-1B,base,ewok,499,0.36025641025641025
material-properties,124,87,Falcon-3-1B,base,ewok,37,0.7016129032258065
physical-dynamics,75,40,Falcon-3-1B,base,ewok,35,0.5333333333333333
physical-interactions,280,149,Falcon-3-1B,base,ewok,131,0.5321428571428571
physical-relations,415,229,Falcon-3-1B,base,ewok,186,0.5518072289156627
quantitative-properties,190,107,Falcon-3-1B,base,ewok,83,0.5631578947368421
social-interactions,175,73,Falcon-3-1B,base,ewok,102,0.41714285714285715
social-properties,185,134,Falcon-3-1B,base,ewok,51,0.7243243243243244
social-relations,785,442,Falcon-3-1B,base,ewok,343,0.5630573248407643
spatial-relations,245,98,Falcon-3-1B,base,ewok,147,0.4
anaphor_agreement,2000,1951,Falcon-3-1B,it,blimp,49,0.9755
argument_structure,7000,5219,Falcon-3-1B,it,blimp,1781,0.7455714285714286
binding,7000,5052,Falcon-3-1B,it,blimp,1948,0.7217142857142858
control_raising,5000,3973,Falcon-3-1B,it,blimp,1027,0.7946
determiner_noun_agreement,8000,7424,Falcon-3-1B,it,blimp,576,0.928
ellipsis,2000,1577,Falcon-3-1B,it,blimp,423,0.7885
filler_gap_dependency,7000,4799,Falcon-3-1B,it,blimp,2201,0.6855714285714286
irregular_forms,2000,1467,Falcon-3-1B,it,blimp,533,0.7335
island_effects,8000,5331,Falcon-3-1B,it,blimp,2669,0.666375
npi_licensing,7000,4906,Falcon-3-1B,it,blimp,2094,0.7008571428571428
quantifiers,4000,3011,Falcon-3-1B,it,blimp,989,0.75275
s-selection,2000,1392,Falcon-3-1B,it,blimp,608,0.696
subject_verb_agreement,6000,4830,Falcon-3-1B,it,blimp,1170,0.805
agent-properties,1120,628,Falcon-3-1B,it,ewok,492,0.5607142857142857
material-dynamics,780,299,Falcon-3-1B,it,ewok,481,0.38333333333333336
material-properties,124,73,Falcon-3-1B,it,ewok,51,0.5887096774193549
physical-dynamics,75,37,Falcon-3-1B,it,ewok,38,0.49333333333333335
physical-interactions,280,141,Falcon-3-1B,it,ewok,139,0.5035714285714286
physical-relations,415,231,Falcon-3-1B,it,ewok,184,0.5566265060240964
quantitative-properties,190,116,Falcon-3-1B,it,ewok,74,0.6105263157894737
social-interactions,175,78,Falcon-3-1B,it,ewok,97,0.44571428571428573
social-properties,185,129,Falcon-3-1B,it,ewok,56,0.6972972972972973
social-relations,785,431,Falcon-3-1B,it,ewok,354,0.5490445859872611
spatial-relations,245,96,Falcon-3-1B,it,ewok,149,0.39183673469387753
anaphor_agreement,2000,1971,Falcon-3-7B,base,blimp,29,0.9855
argument_structure,7000,5669,Falcon-3-7B,base,blimp,1331,0.8098571428571428
binding,7000,5684,Falcon-3-7B,base,blimp,1316,0.812
control_raising,5000,3966,Falcon-3-7B,base,blimp,1034,0.7932
determiner_noun_agreement,8000,7705,Falcon-3-7B,base,blimp,295,0.963125
ellipsis,2000,1709,Falcon-3-7B,base,blimp,291,0.8545
filler_gap_dependency,7000,5260,Falcon-3-7B,base,blimp,1740,0.7514285714285714
irregular_forms,2000,1719,Falcon-3-7B,base,blimp,281,0.8595
island_effects,8000,5579,Falcon-3-7B,base,blimp,2421,0.697375
npi_licensing,7000,5000,Falcon-3-7B,base,blimp,2000,0.7142857142857143
quantifiers,4000,3088,Falcon-3-7B,base,blimp,912,0.772
s-selection,2000,1706,Falcon-3-7B,base,blimp,294,0.853
subject_verb_agreement,6000,5187,Falcon-3-7B,base,blimp,813,0.8645
agent-properties,1120,610,Falcon-3-7B,base,ewok,510,0.5446428571428571
material-dynamics,780,271,Falcon-3-7B,base,ewok,509,0.3474358974358974
material-properties,124,81,Falcon-3-7B,base,ewok,43,0.6532258064516129
physical-dynamics,75,36,Falcon-3-7B,base,ewok,39,0.48
physical-interactions,280,136,Falcon-3-7B,base,ewok,144,0.4857142857142857
physical-relations,415,233,Falcon-3-7B,base,ewok,182,0.5614457831325301
quantitative-properties,190,114,Falcon-3-7B,base,ewok,76,0.6
social-interactions,175,77,Falcon-3-7B,base,ewok,98,0.44
social-properties,185,122,Falcon-3-7B,base,ewok,63,0.6594594594594595
social-relations,785,407,Falcon-3-7B,base,ewok,378,0.5184713375796178
spatial-relations,245,113,Falcon-3-7B,base,ewok,132,0.46122448979591835
anaphor_agreement,2000,1971,Falcon-3-7B,it,blimp,29,0.9855
argument_structure,7000,5474,Falcon-3-7B,it,blimp,1526,0.782
binding,7000,5617,Falcon-3-7B,it,blimp,1383,0.8024285714285714
control_raising,5000,3903,Falcon-3-7B,it,blimp,1097,0.7806
determiner_noun_agreement,8000,7469,Falcon-3-7B,it,blimp,531,0.933625
ellipsis,2000,1586,Falcon-3-7B,it,blimp,414,0.793
filler_gap_dependency,7000,5136,Falcon-3-7B,it,blimp,1864,0.7337142857142858
irregular_forms,2000,1733,Falcon-3-7B,it,blimp,267,0.8665
island_effects,8000,5652,Falcon-3-7B,it,blimp,2348,0.7065
npi_licensing,7000,4966,Falcon-3-7B,it,blimp,2034,0.7094285714285714
quantifiers,4000,3031,Falcon-3-7B,it,blimp,969,0.75775
s-selection,2000,1647,Falcon-3-7B,it,blimp,353,0.8235
subject_verb_agreement,6000,5257,Falcon-3-7B,it,blimp,743,0.8761666666666666
agent-properties,1120,602,Falcon-3-7B,it,ewok,518,0.5375
material-dynamics,780,273,Falcon-3-7B,it,ewok,507,0.35
material-properties,124,88,Falcon-3-7B,it,ewok,36,0.7096774193548387
physical-dynamics,75,35,Falcon-3-7B,it,ewok,40,0.4666666666666667
physical-interactions,280,132,Falcon-3-7B,it,ewok,148,0.4714285714285714
physical-relations,415,201,Falcon-3-7B,it,ewok,214,0.4843373493975904
quantitative-properties,190,120,Falcon-3-7B,it,ewok,70,0.631578947368421
social-interactions,175,70,Falcon-3-7B,it,ewok,105,0.4
social-properties,185,134,Falcon-3-7B,it,ewok,51,0.7243243243243244
social-relations,785,448,Falcon-3-7B,it,ewok,337,0.5707006369426751
spatial-relations,245,131,Falcon-3-7B,it,ewok,114,0.5346938775510204
anaphor_agreement,2000,1988,Olmo-3-7B,base,blimp,12,0.994
argument_structure,7000,5770,Olmo-3-7B,base,blimp,1230,0.8242857142857143
binding,7000,5543,Olmo-3-7B,base,blimp,1457,0.7918571428571428
control_raising,5000,4098,Olmo-3-7B,base,blimp,902,0.8196
determiner_noun_agreement,8000,7576,Olmo-3-7B,base,blimp,424,0.947
ellipsis,2000,1748,Olmo-3-7B,base,blimp,252,0.874
filler_gap_dependency,7000,5194,Olmo-3-7B,base,blimp,1806,0.742
irregular_forms,2000,1794,Olmo-3-7B,base,blimp,206,0.897
island_effects,8000,5928,Olmo-3-7B,base,blimp,2072,0.741
npi_licensing,7000,5537,Olmo-3-7B,base,blimp,1463,0.791
quantifiers,4000,3078,Olmo-3-7B,base,blimp,922,0.7695
s-selection,2000,1672,Olmo-3-7B,base,blimp,328,0.836
subject_verb_agreement,6000,5238,Olmo-3-7B,base,blimp,762,0.873
agent-properties,1120,604,Olmo-3-7B,base,ewok,516,0.5392857142857143
material-dynamics,780,292,Olmo-3-7B,base,ewok,488,0.37435897435897436
material-properties,124,85,Olmo-3-7B,base,ewok,39,0.6854838709677419
physical-dynamics,75,42,Olmo-3-7B,base,ewok,33,0.56
physical-interactions,280,119,Olmo-3-7B,base,ewok,161,0.425
physical-relations,415,217,Olmo-3-7B,base,ewok,198,0.5228915662650603
quantitative-properties,190,99,Olmo-3-7B,base,ewok,91,0.5210526315789473
social-interactions,175,74,Olmo-3-7B,base,ewok,101,0.4228571428571429
social-properties,185,135,Olmo-3-7B,base,ewok,50,0.7297297297297297
social-relations,785,407,Olmo-3-7B,base,ewok,378,0.5184713375796178
spatial-relations,245,112,Olmo-3-7B,base,ewok,133,0.45714285714285713
anaphor_agreement,2000,1687,Olmo-3-7B,it,blimp,313,0.8435
argument_structure,7000,4291,Olmo-3-7B,it,blimp,2709,0.613
binding,7000,4797,Olmo-3-7B,it,blimp,2203,0.6852857142857143
control_raising,5000,3248,Olmo-3-7B,it,blimp,1752,0.6496
determiner_noun_agreement,8000,6571,Olmo-3-7B,it,blimp,1429,0.821375
ellipsis,2000,1531,Olmo-3-7B,it,blimp,469,0.7655
filler_gap_dependency,7000,4985,Olmo-3-7B,it,blimp,2015,0.7121428571428572
irregular_forms,2000,1114,Olmo-3-7B,it,blimp,886,0.557
island_effects,8000,5259,Olmo-3-7B,it,blimp,2741,0.657375
npi_licensing,7000,4260,Olmo-3-7B,it,blimp,2740,0.6085714285714285
quantifiers,4000,2589,Olmo-3-7B,it,blimp,1411,0.64725
s-selection,2000,1184,Olmo-3-7B,it,blimp,816,0.592
subject_verb_agreement,6000,3732,Olmo-3-7B,it,blimp,2268,0.622
agent-properties,1120,587,Olmo-3-7B,it,ewok,533,0.5241071428571429
material-dynamics,780,318,Olmo-3-7B,it,ewok,462,0.4076923076923077
material-properties,124,101,Olmo-3-7B,it,ewok,23,0.8145161290322581
physical-dynamics,75,39,Olmo-3-7B,it,ewok,36,0.52
physical-interactions,280,126,Olmo-3-7B,it,ewok,154,0.45
physical-relations,415,209,Olmo-3-7B,it,ewok,206,0.5036144578313253
quantitative-properties,190,101,Olmo-3-7B,it,ewok,89,0.531578947368421
social-interactions,175,70,Olmo-3-7B,it,ewok,105,0.4
social-properties,185,120,Olmo-3-7B,it,ewok,65,0.6486486486486487
social-relations,785,452,Olmo-3-7B,it,ewok,333,0.575796178343949
spatial-relations,245,121,Olmo-3-7B,it,ewok,124,0.49387755102040815
